index,course_code,course_name,course_uoc,url_core,Overview,Faculty,School,Study_Level,offering_Terms,Campus,Indicative_contact_hours
0,COMP1511,Programming Fundamentals,6,https://www.handbook.unsw.edu.au/undergraduate/courses/2020/COMP1511/,"An introduction to problem-solving via programming, which aims to have students develop proficiency in using a high level programming language. Topics: algorithms, program structures (statements, sequence, selection, iteration, functions), data types (numeric, character), data structures (arrays, tuples, pointers, lists), storage structures (memory, addresses), introduction to analysis of algorithms, testing, code quality, teamwork, and reflective practice. The course includes extensive practical work in labs and programming projects.",Faculty of Engineering,School of Computer Science and Engineering,Undergraduate,"Term 1, Term 2, Term 3",Kensington,7
1,COMP1521,Computer Systems Fundamentals,6,https://www.handbook.unsw.edu.au/undergraduate/courses/2020/COMP1521/,"This course provides a programmer's view on how a computer system executes programs, manipulates data and communicates. It enables students to become effective programmers in dealing with issues of performance, portability, and robustness. It is typically taken in the semester after completing COMP1511, but could be delayed and taken later. It serves as a foundation for later courses on networks, operating systems, computer architecture and compilers, where a deeper understanding of systems-level issues is required.",Faculty of Engineering,School of Computer Science and Engineering,Undergraduate,"Term 2, Term 3",Kensington,
2,COMP1531,Software Engineering Fundamentals,6,https://www.handbook.unsw.edu.au/undergraduate/courses/2020/COMP1531/,"This course provides an introduction to software engineering principles: basic software lifecycle concepts, modern development methodologies, conceptual modeling and how these activities relate to programming. It also introduces the basic notions of team-based project management via conducting a project to design, build and deploy a simple web-based application. It is typically taken in the semester after completing COMP1511, but could be delayed and taken later. It provides essential background for the teamwork and project management required in many later courses.",Faculty of Engineering,School of Computer Science and Engineering,Undergraduate,"Term 1, Term 3",Kensington,7
3,COMP2511,Object-Oriented Design & Programming,6,https://www.handbook.unsw.edu.au/undergraduate/courses/2020/COMP2511/,"This course aims to introduce students to the principles of object-oriented design and to fundamental techniques in object-oriented programming. It is typically taken in the second year of study, after COMP2521, to ensure an appropriate background in data structures. The knowledge gained in COMP2511 is useful in a wide range of later-year CS courses.",Faculty of Engineering,School of Computer Science and Engineering,Undergraduate,"Term 2, Term 3",Kensington,
4,COMP2521,Data Structures and Algorithms,6,https://www.handbook.unsw.edu.au/undergraduate/courses/2020/COMP2521/,"The goal of this course is to deepen students' understanding of data structures and algorithms and how these can be employed effectively in the design of software systems. We anticipate that it will generally be taken in the second year of a program, but since its only pre-requisite is COMP1511, is it possible to take it in first year. It is an important course in covering a range of core data structures and algorithms that will be used in context in later courses.",Faculty of Engineering,School of Computer Science and Engineering,Undergraduate,"Term 1, Term 3",Kensington,
5,COMP3900,Computer Science Project,6,https://www.handbook.unsw.edu.au/undergraduate/courses/2020/COMP3900/,"A capstone software project. Students work in teams to define, implement and evaluate a real-world software system. Most of the work in this course is team-based project work, although there are some introductory lectures on software project management and teamwork strategies. Project teams meet fortnightly with project mentors to report on the progress of the project. Assessment is based on a project proposal, a final project demonstration and report, and on the quality of the software system itself. Students are also required to reflect on their work and to provide peer assessment of their team-mates' contributions to the project.",Faculty of Engineering,School of Computer Science and Engineering,Undergraduate,"Term 1, Term 2, Term 3",Kensington,10
6,COMP4920,Management and Ethics,6,https://www.handbook.unsw.edu.au/undergraduate/courses/2020/COMP4920/,This course will develop a framework on which management and ethical issues can be developed. and also develop skills in software project management.,Faculty of Engineering,School of Computer Science and Engineering,Undergraduate,Term 3,Kensington,4
7,MATH1081,Discrete Mathematics,6,https://www.handbook.unsw.edu.au/undergraduate/courses/2020/MATH1081/,,Faculty of Science,School of Mathematics & Statistics,Undergraduate,"Term 1, Term 2, Term 3",Kensington,Partially online
8,COMP3311,Database Systems,6,https://www.handbook.unsw.edu.au/undergraduate/courses/2020/COMP3311/,"Data models: entity-relationship, relational, object-oriented. Relational database management systems: data definition, query languages, development tools. Database application design and implementation. Architecture of relational database management systems: storage management, query processing, transaction processing. Lab: design and implementation of a database application.",Faculty of Engineering,School of Computer Science and Engineering,Undergraduate,"Term 1, Term 3",Kensington,
9,COMP6714,Information Retrieval and Web Search,6,https://www.handbook.unsw.edu.au/undergraduate/courses/2020/COMP6714/,,Faculty of Engineering,School of Computer Science and Engineering,Undergraduate,Term 3,Kensington,
10,COMP9313,Big Data Management,6,https://www.handbook.unsw.edu.au/undergraduate/courses/2020/COMP9313/,"This course introduces the core concepts and technologies involved in managing Big Data. Topics include: characteristics of Big Bata and Big Data analysis, storage systems (e.g. HDFS, S3), techniques for manipulating Big Data (e.g. MapReduce, streaming, compression), programming languages (e.g. Spark, PigLatin), query languages (e.g. Jaql, Hive), database systems (e.g. noSQL systems, HBase), and typical applications (e.g. recommender systems, dimensionality reduction, text analysis).",Faculty of Engineering,School of Computer Science and Engineering,Undergraduate,"Term 2, Term 3",Kensington,3
11,COMP9315,Database Systems Implementation,6,https://www.handbook.unsw.edu.au/undergraduate/courses/2020/COMP9315/,,Faculty of Engineering,School of Computer Science and Engineering,Undergraduate,Term 1,Kensington,
12,COMP9318,Data Warehousing and Data Mining,6,https://www.handbook.unsw.edu.au/undergraduate/courses/2020/COMP9318/,,Faculty of Engineering,School of Computer Science and Engineering,Undergraduate,Term 1,Kensington,4
13,COMP9319,Web Data Compression and Search,6,https://www.handbook.unsw.edu.au/undergraduate/courses/2020/COMP9319/,"Data Compression: Adaptive Coding, Information Theory; Text Compression (ZIP, GZIP, BZIP, etc); Burrows-Wheeler Transform and Backward Search; XML Compression",Faculty of Engineering,School of Computer Science and Engineering,Undergraduate,Term 2,Kensington,
14,COMP3511,Human Computer Interaction,6,https://www.handbook.unsw.edu.au/undergraduate/courses/2020/COMP3511/,,Faculty of Engineering,School of Computer Science and Engineering,Undergraduate,"Summer Term, Term 2",Kensington,
15,COMP9321,Data Services Engineering,6,https://www.handbook.unsw.edu.au/undergraduate/courses/2020/COMP9321/,"This course aims to introduce the student to core concepts and practical skills for engineering the data in Web-service-oriented data-driven applications. Specifically, the course aims to expose students to basic infrastructure for building data services on the Web, including techniques to access and ingest data in internal/external sources, develop software services to curate (e.g. extract, transform, correct, aggregate the data), develop services to apply various analytics and develop services to visualize the data to communicate effectively using data. The course uses the Python programming language as the practical basis for its modules. However, the concepts taught are universal and can be applied to any other web development language/framework. ",Faculty of Engineering,School of Computer Science and Engineering,Undergraduate,Term 1,Kensington,
16,COMP9322,Software Service Design and Engineering,6,https://www.handbook.unsw.edu.au/undergraduate/courses/2020/COMP9322/,"The notion of “software as a service” (SaaS) plays a critical role in building distributed, scalable application platforms. This course arms students with the knowledge and expertise to design and engineer services using modern Web technologies. Based on Service Oriented Architecture (SOA) principles, students will be exposed to various design and implementation methodologies, including microservices and their associated design patterns, and API design and management. In addition, this course will strengthen students’ data modeling expertise, covering topics on semantic modelling of both simple and complex structures, and its usage in business analysis. The course will also describe the technical standards and technologies that support semantic data modelling. After completing this course, students will be able to (i) describe different architectural design approaches and their role in engineering software. (ii) apply Web service composition techniques in a concrete setting, (iii) be competent in designing, managing, documenting, testing and securing APIs, (iv) understand techniques for semantic modelling of simple and complex structures, as well as their associated technical standards and technologies.",Faculty of Engineering,School of Computer Science and Engineering,Undergraduate,Term 3,Kensington,
17,COMP9323,Software as a Service Project,6,https://www.handbook.unsw.edu.au/undergraduate/courses/2020/COMP9323/,"This course allows students to explore principles, techniques, architectures, and enabling technologies for the development of the different components and layers of complex SaaS systems. In particular, it discusses the processes related to (1) building a large enterprise system in collaboration with other project members, (2) developing software in a culture of participation, (3) developing software using agile software engineering methodologies, (4) integrating a number of separate components to build an integrated system, and (5) developing appropriate testing strategies and methodologies for given projects.",Faculty of Engineering,School of Computer Science and Engineering,Undergraduate,Term 2,Kensington,5
18,COMP3411,Artificial Intelligence,6,https://www.handbook.unsw.edu.au/undergraduate/courses/2020/COMP3411/,,Faculty of Engineering,School of Computer Science and Engineering,Undergraduate,"Summer Term, Term 1",Kensington,5
19,COMP3431,Robotic Software Architecture,6,https://www.handbook.unsw.edu.au/undergraduate/courses/2020/COMP3431/,,Faculty of Engineering,School of Computer Science and Engineering,Undergraduate,Term 3,Kensington,5
20,COMP4418,Knowledge Representation and Reasoning,6,https://www.handbook.unsw.edu.au/undergraduate/courses/2020/COMP4418/,,Faculty of Engineering,School of Computer Science and Engineering,Undergraduate,Term 3,Kensington,
21,COMP9417,Machine Learning and Data Mining,6,https://www.handbook.unsw.edu.au/undergraduate/courses/2020/COMP9417/,"Machine learning (ML) is the algorithmic approach to learning from data.  This course provides an introduction to core ideas and techniques in ML, covering theoretical foundations, algorithms, and practical methodology.  Algorithms for supervised and unsupervised learning are covered, including regression, classification, neural networks, tree learning, kernel methods, clustering, dimensionality reduction, ensemble methods, and large-scale ML. Students will be given hands-on experience on applying ML algorithms to real problems and datasets.",Faculty of Engineering,School of Computer Science and Engineering,Undergraduate,"Term 1, Term 2",Kensington,
22,COMP9418,Advanced Topics in Statistical Machine Learning,6,https://www.handbook.unsw.edu.au/undergraduate/courses/2020/COMP9418/,"This course provides an in-depth study of statistical machine learning approaches. The focus will be on methods for learning and inference in structured probabilistic models, with a healthy balance of theory and practice. It is aimed at postgraduate students and advanced undergraduates who are willing to go beyond basic understanding of machine learning.",Faculty of Engineering,School of Computer Science and Engineering,Undergraduate,Term 3,Kensington,
23,COMP9444,Neural Networks and Deep Learning,6,https://www.handbook.unsw.edu.au/undergraduate/courses/2020/COMP9444/,"Topics chosen from: perceptrons, feedforward neural networks, backpropagation, Hopfield and Kohonen networks, restricted Boltzmann machine and autoencoders, deep convolutional networks for image processing; geometric and complexity analysis of trained neural networks; recurrent networks, language processing, semantic analysis, long short term memory; designing successful applications of neural networks; recent developments in neural networks and deep learning.",Faculty of Engineering,School of Computer Science and Engineering,Undergraduate,"Term 2, Term 3",Kensington,
24,COMP9517,Computer Vision,6,https://www.handbook.unsw.edu.au/undergraduate/courses/2020/COMP9517/,,Faculty of Engineering,School of Computer Science and Engineering,Undergraduate,"Term 1, Term 2",Kensington,4
25,COMP3121,Algorithms and Programming Techniques,6,https://www.handbook.unsw.edu.au/undergraduate/courses/2020/COMP3121/,,Faculty of Engineering,School of Computer Science and Engineering,Undergraduate,Term 2,Kensington,
26,COMP3161,Concepts of Programming Languages,6,https://www.handbook.unsw.edu.au/undergraduate/courses/2020/COMP3161/,,Faculty of Engineering,School of Computer Science and Engineering,Undergraduate,Term 3,Kensington,5
27,COMP3131,Programming Languages and Compilers,6,https://www.handbook.unsw.edu.au/undergraduate/courses/2020/COMP3131/,"Covers the fundamental principles in programming languages and implementation techniques for compilers (emphasis on compiler front ends). Course contents include: program syntax and semantics, formal translation of programming languages, finite-state recognisers and regular expressions, context-free parsing techniques such as LL(k( and LR(k), attribute grammars, syntax-directed translation, type checking and code generation. Lab: implementation of a compiler in a modern programming language for a small programming language.",Faculty of Engineering,School of Computer Science and Engineering,Undergraduate,Term 1,Kensington,
28,COMP3141,Software System Design and Implementation,6,https://www.handbook.unsw.edu.au/undergraduate/courses/2020/COMP3141/,,Faculty of Engineering,School of Computer Science and Engineering,Undergraduate,Term 2,Kensington,4
29,COMP3151,Foundations of Concurrency,6,https://www.handbook.unsw.edu.au/undergraduate/courses/2020/COMP3151/,"Concurrency = processes + communication. Communication via shared variables vs message passing. Models of concurrency: true concurrency vs interleaving. Abstractions: atomicity, locks and barriers, semaphores, monitors, threads, RPC, rendezvous. Classical problems: mutual exclusion, dining philosophers, sleeping barber, termination detection, gravitational N-body problem.Practical work: programming assignments and proving of program safety and liveness properties.",Faculty of Engineering,School of Computer Science and Engineering,Undergraduate,Term 2,Kensington,
30,COMP6771,Advanced C++ Programming,6,https://www.handbook.unsw.edu.au/undergraduate/courses/2020/COMP6771/,,Faculty of Engineering,School of Computer Science and Engineering,Undergraduate,Term 2,Kensington,
31,COMP3331,Computer Networks and Applications,6,https://www.handbook.unsw.edu.au/undergraduate/courses/2020/COMP3331/,"Networking technology overview. Protocol design and validation using the finite state automata in conjunction with time-lines. Overview of the IEEE802 network data link protocol standards. Addressing at the data link and network layers. Network layer services. Introduction to routing algorithms such as Distance Vector and Link State. Congestion control mechanisms. Internetworking issues in connecting networks. The Internet Protocol Suite overview. The Internet protocols IPv4 and IPv6. Address resolution using ARP and RARP. Transport layer: issues, transport protocols TCP and UDP. Application level protocols such as: File Transfer Protocol (FTP), Domain Name System (DNS) and Simple Mail Transfer Protocol (SMTP). Introduction to fundamental network security concepts, 802.11 wireless networks and peer to peer networks. There is a substantial network programming component in the assessable material.",Faculty of Engineering,School of Computer Science and Engineering,Undergraduate,"Term 1, Term 2, Term 3",Kensington,5
32,COMP4336,Mobile Data Networking,6,https://www.handbook.unsw.edu.au/undergraduate/courses/2020/COMP4336/,"This course will examine how mobility affects networks, systems, and applications. It will teach advanced concepts and protocols for managing mobility in TCP/IP networks, improving spectrum and energy efficiency of mobile networking, realizing more direct form of device-to-device communication, enhancing the quality of experience of mobile video, and achieving self-powered wireless communication. Learning emerging device functionalities and features will be part of this course, which requires some basic understanding of mobile device programming, such as Android and Java. ",Faculty of Engineering,School of Computer Science and Engineering,Undergraduate,Term 2,Kensington,5
33,COMP4337,Securing Fixed and Wireless Networks,6,https://www.handbook.unsw.edu.au/undergraduate/courses/2020/COMP4337/,,Faculty of Engineering,School of Computer Science and Engineering,Undergraduate,Term 1,Kensington,
34,COMP6733,Internet of Things Experimental Design Studio,6,https://www.handbook.unsw.edu.au/undergraduate/courses/2020/COMP6733/,"Internet of Things (IoT) will play a key role in the next frontier of computing. The new course will provide an experimental approach to cover fundamental design principles behind building IoT applications, with hands-on experience with a popular end-to-end IoT platform.Topics covered will include a selection from: IoT technology and services, IoT system architecture, Low Power communications (Bluetooth Low Energy and 6LoWPAN) and security issues, sensors and sensor data smoothing and filtering, light-weight in-situ machine learning and data fusion, inertial sensing, activity recognition and fitness morning, voice-based stress level sensing, biometric authentication, anonymity, cloud services for IoT. This course assumes familiarity with a high level programming language such as Java and Python AND a low level programming language such as C.",Faculty of Engineering,School of Computer Science and Engineering,Undergraduate,Term 3,Kensington,5
35,COMP9332,Network Routing and Switching,6,https://www.handbook.unsw.edu.au/undergraduate/courses/2020/COMP9332/,,Faculty of Engineering,School of Computer Science and Engineering,Undergraduate,Term 2,Kensington,
36,COMP9334,Capacity Planning of Computer Systems and Networks,6,https://www.handbook.unsw.edu.au/undergraduate/courses/2020/COMP9334/,"Techniques for performance evaluation of distributed systems. These techniques will then be applied to designing systems to have good performance, and to the analysis of future workloads and the system changes required to cope with them.",Faculty of Engineering,School of Computer Science and Engineering,Undergraduate,Term 1,Kensington,4
37,COMP2121,Microprocessors and Interfacing,6,https://www.handbook.unsw.edu.au/undergraduate/courses/2020/COMP2121/,,Faculty of Engineering,School of Computer Science and Engineering,Undergraduate,Term 1,Kensington,
38,COMP3222,Digital Circuits and Systems,6,https://www.handbook.unsw.edu.au/undergraduate/courses/2020/COMP3222/,,Faculty of Engineering,School of Computer Science and Engineering,Undergraduate,Term 3,Kensington,
39,COMP3211,Computer Architecture,6,https://www.handbook.unsw.edu.au/undergraduate/courses/2020/COMP3211/,"Study the architecture & organisation of modern processors, and influences upon these, with emphasis on pipelined RISC machines; gain understanding of the design of the memory subsystem, I/O, and system level interconnect; become proficient in the use of tools such as VHDL and SimpleScalar for the description, simulation, and verification of architectural designs; complete a series of assignments leading to the design, implementation, validatation and assessment of a RISC system. It is assumed students are familiar with combinational and sequential logic design principles and have some experience in the use of CAD tools to describe and simulate digital systems.",Faculty of Engineering,School of Computer Science and Engineering,Undergraduate,Term 1,Kensington,
40,COMP3231,Operating Systems,6,https://www.handbook.unsw.edu.au/undergraduate/courses/2020/COMP3231/,,Faculty of Engineering,School of Computer Science and Engineering,Undergraduate,Term 1,Kensington,
41,COMP3601,Design Project A,6,https://www.handbook.unsw.edu.au/undergraduate/courses/2020/COMP3601/,"Embedded system design team projects. Embedded system design life cycle. Software/hardware codesign. Hardware slection process. Software development techniques. Hardware/software integration and system testing. Ethics in teams, ethics in design, IP protection, IP reuse, project report writing. Project and team management.",Faculty of Engineering,School of Computer Science and Engineering,Undergraduate,Term 3,Kensington,5
42,COMP4601,Design Project B,6,https://www.handbook.unsw.edu.au/undergraduate/courses/2020/COMP4601/,,Faculty of Engineering,School of Computer Science and Engineering,Undergraduate,Term 1,Kensington,6
43,COMP9242,Advanced Operating Systems,6,https://www.handbook.unsw.edu.au/undergraduate/courses/2020/COMP9242/,,Faculty of Engineering,School of Computer Science and Engineering,Undergraduate,Term 2,Kensington,5
44,COMP6443,Web Application Security and Testing,6,https://www.handbook.unsw.edu.au/undergraduate/courses/2020/COMP6443/,Web applications are currently the predominant source of software vulnerabilities exploited in in online attacks. There is a growing need and growing demand for web programmers to be security aware.,Faculty of Engineering,School of Computer Science and Engineering,Undergraduate,Term 2,Kensington,5
45,COMP6445,Digital Forensics,6,https://www.handbook.unsw.edu.au/undergraduate/courses/2020/COMP6445/,"This course addresses the skills and knowledge needed by first responders to a discovered cyber breech, as well as law enforcement and criminal justice.",Faculty of Engineering,School of Computer Science and Engineering,Undergraduate,Term 3,Kensington,5
46,COMP6447,System and Software Security Assessment,6,https://www.handbook.unsw.edu.au/undergraduate/courses/2020/COMP6447/,"This course looks at cyber attack and defence. Students learn how to assess and identify vulnerabilities and how vulnerabilities are exploited. Students learn the principles and theory of exploitation, the common security models, and how approaches to exploitation and defence have evolved over time.",Faculty of Engineering,School of Computer Science and Engineering,Undergraduate,Term 2,Kensington,5
47,COMP6448,Security Engineering Masterclass,6,https://www.handbook.unsw.edu.au/undergraduate/courses/2020/COMP6448/,This is an occasional course that will involve a visiting expert in the security area giving a series of lectures and workshops on an advanced topic in cyber security. The precise timing and topics depend on the visitor. The course will be run in intensive mode.,Faculty of Engineering,School of Computer Science and Engineering,Undergraduate,"Summer Term, Term 1, Term 2, Term 3",Kensington,30
48,COMP6449,Security Engineering Professional Practice,6,https://www.handbook.unsw.edu.au/undergraduate/courses/2020/COMP6449/,The professional practice of cyber security. Students learn how to be effective and ethical cyber security professionals.,Faculty of Engineering,School of Computer Science and Engineering,Undergraduate,,Kensington,4
49,COMP6843,Extended Web Application Security and Testing,6,https://www.handbook.unsw.edu.au/undergraduate/courses/2020/COMP6843/,Web applications are currently the predominant source of software vulnerabilities exploited in in online attacks. There is a growing need and growing demand for web programmers to be security aware.,Faculty of Engineering,School of Computer Science and Engineering,Undergraduate,Term 2,Kensington,6
50,COMP6845,Extended Digital Forensics and Incident Response,6,https://www.handbook.unsw.edu.au/undergraduate/courses/2020/COMP6845/,"This course addresses the skills and knowledge needed by first responders to a discovered cyber breech, as well as law enforcement and criminal justice.",Faculty of Engineering,School of Computer Science and Engineering,Undergraduate,Term 3,Kensington,6
51,COMP9447,Security Engineering Workshop,6,https://www.handbook.unsw.edu.au/undergraduate/courses/2020/COMP9447/,,Faculty of Engineering,School of Computer Science and Engineering,Undergraduate,"Summer Term, Term 1, Term 2, Term 3",Kensington,3
52,MATH3411,"Information, Codes and Ciphers",6,https://www.handbook.unsw.edu.au/undergraduate/courses/2020/MATH3411/,,Faculty of Science,School of Mathematics & Statistics,Undergraduate,Term 3,Kensington,
53,TELE3119,Trusted Networks,6,https://www.handbook.unsw.edu.au/undergraduate/courses/2020/TELE3119/,"CRYPTOGRAPHY: (i) Symmetric Encryption and Message Confidentiality, (ii) Public-Key Cryptography and Message Authentication, (iii) Key Distribution, (iv) Mathematical Principles of Cryptography. NETWORK SECURITY APPLICATIONS: (i) Authentication Applications, (ii) Electronic Mail Security, (iii) IP Security, (iv) Web Security. SYSTEM SECURITY: (i) Intruders, (ii) Attacks and Countermeasures, (iii) Malicious Software, (iv) Firewalls.",Faculty of Engineering,School of Electrical Engineering & Telecommunications,Undergraduate,Term 1,Kensington,5
54,COMP9021,Principles of Programming,6,https://www.handbook.unsw.edu.au/postgraduate/courses/2020/COMP9021/,This is a first programming course. It provides an introduction to programming in Python and covers the following essentials:,Faculty of Engineering,School of Computer Science and Engineering,Postgraduate,"Term 1, Term 2, Term 3",Kensington,
55,COMP9024,Data Structures and Algorithms,6,https://www.handbook.unsw.edu.au/postgraduate/courses/2020/COMP9024/,,Faculty of Engineering,School of Computer Science and Engineering,Postgraduate,"Summer Term, Term 1, Term 2, Term 3",Kensington,
56,COMP9311,Database Systems,6,https://www.handbook.unsw.edu.au/postgraduate/courses/2020/COMP9311/,A first course on database management systems. Data modelling;   principles of database design; data manipulation languages; database  application techniques; introduction to DBMS internals; introduction to  advanced databases. Lab: design and implementation of a database  application using SQL and stored procedures.,Faculty of Engineering,School of Computer Science and Engineering,Postgraduate,"Term 1, Term 2, Term 3",Kensington,
57,COMP9331,Computer Networks and Applications,6,https://www.handbook.unsw.edu.au/postgraduate/courses/2020/COMP9331/,"Networking technology overview. Protocol design and validation using the finite state automata in conjunction with time-lines. Overview of the IEEE802 network data link protocol standards. Addressing at the data link and network layers. Network layer services. Introduction to routing algorithms such as Distance Vector and Link State. Congestion control mechanisms. Internetworking issues in connecting networks. The Internet Protocol suite overview. The Internet protocols IPv4 and IPv6. Address resolution using ARP and RARP. Transport layer: issues, transport protocols TCP and UDP. Application level protocols such as: File. Transfer Protocol (FTP), Domain Name System (DNS) and Simple Mail Transfer Protocol (SMTP). Introduction to fundamental network security concepts, 802.11 wireless networks and peer to peer networks. There is a substantial network programming component in the assessable material.",Faculty of Engineering,School of Computer Science and Engineering,Postgraduate,"Term 1, Term 2, Term 3",Kensington,5
58,COMP9414,Artificial Intelligence,6,https://www.handbook.unsw.edu.au/postgraduate/courses/2020/COMP9414/,,Faculty of Engineering,School of Computer Science and Engineering,Postgraduate,"Summer Term, Term 2",Kensington,5
59,COMP9900,Information Technology Project,6,https://www.handbook.unsw.edu.au/postgraduate/courses/2020/COMP9900/,"A capstone software project. Students work in teams to define, implement and evaluate a real-world software system. Most of the work in this course is team-based project work, although there are some introductory lectures on software project management and teamwork strategies. Project teams meet fortnightly with project mentors to report on the progress of the project. Assessment is based on a project proposal, a final project demonstration and report, and on the quality of the software system itself. Students are also required to reflect on their work and to provide peer assessment of their team-mates' contributions to the project.",Faculty of Engineering,School of Computer Science and Engineering,Postgraduate,"Term 1, Term 2, Term 3",Kensington,10
60,GSOE9820,Engineering Project Management,6,https://www.handbook.unsw.edu.au/postgraduate/courses/2020/GSOE9820/,"This course will introduce to you the fundamental principles of project management in an engineering context, enabling you to become a successful project manager.",Faculty of Engineering,School of Mechanical and Manufacturing Engineering,Postgraduate,"Term 1, Term 2",Kensington,3
61,BINF9010,Applied Bioinformatics,6,https://www.handbook.unsw.edu.au/postgraduate/courses/2020/BINF9010/,"Bioinformatics methods and data generated or analysed by these methods are of increasing importance in the biological sciences. This course explores the algorithms, assumptions, applications and limitations of a number of bioinformatics methods used for DNA and protein sequence analysis, biomolecular structure prediction and analysis, and functional genomics including microarray data analysis. Practical work emphasises the use and applications of standard bioinformatics tools and databases.  Assumed knowledge: Fundamentals of molecular biology, Introductory statistics and probability. Computer programming skills not necessary. ",Faculty of Engineering,School of Computer Science and Engineering,Postgraduate,Term 2,Kensington,6
62,BINF9020,Computational Bioinformatics,6,https://www.handbook.unsw.edu.au/postgraduate/courses/2020/BINF9020/,,Faculty of Engineering,School of Computer Science and Engineering,Postgraduate,,Kensington,4
63,COMP4121,Advanced and Parallel Algorithms,6,https://www.handbook.unsw.edu.au/postgraduate/courses/2020/COMP4121/,,Faculty of Engineering,School of Computer Science and Engineering,Postgraduate,Term 3,Kensington,
64,COMP4141,Theory of Computation,6,https://www.handbook.unsw.edu.au/postgraduate/courses/2020/COMP4141/,"Computability: formal languages and problems, Turing Machines (TMs), computability, (semi-)decidability, universal TMs, Church-Turing thesis, halting problem, reduction and undecidability proofs, examples; Complexity: run time, space, complexity classes, non-determinism and NP, polynomial reductions and NP completeness, optimisation problems and approximation, randomisation; Languages and Automata: regular expressions and languages, finite automata, determinisation, context-free grammars and languages (CFLs), Chomsky normal form, word problems, pumping lemma, push-down automata, decidability problems for CFLs; Semantics and Correctness: while programs, assertions and program correctness, Hoare logic, loops and loop invariants, relative completeness of Hoare logic (and its role in a proof of Gödel's incompleteness result)",Faculty of Engineering,School of Computer Science and Engineering,Postgraduate,Term 1,Kensington,
65,COMP4161,Advanced Topics in Software Verification,6,https://www.handbook.unsw.edu.au/postgraduate/courses/2020/COMP4161/,"This course is about mechanical proof assistants, how they work, and what they can be used for. It presents specification and proof techniques used in industrial grade theorem provers, teaches the theoretical background to the techniques involved, and shows how to use a theorem prover to conduct formal proofs in practice. The courses is intended to bring third/fourth year and postgraduate students into contact with the current research topics in the field of theorem proving and automated deduction and to teach them the necessary skills to successfully use industrial grade verification environments in modelling and verification.",Faculty of Engineering,School of Computer Science and Engineering,Postgraduate,Term 3,Kensington,
66,COMP6324,Internet of Things Service Design and Engineering,6,https://www.handbook.unsw.edu.au/postgraduate/courses/2020/COMP6324/,"This course aims to introduce the students to core concepts and practical skills for designing and engineering IoT services and applications. Specifically, the course aims to expose students to IoT business strategy, requirements, IoT technologies, solution design and implementation. ",Faculty of Engineering,School of Computer Science and Engineering,Postgraduate,Term 1,Kensington,5
67,COMP6441,Security Engineering and Cyber Security,6,https://www.handbook.unsw.edu.au/postgraduate/courses/2020/COMP6441/,"Introduction to computer security, prevention of cybercrime and cyberterror. The principles of engineering secure systems. How to think like a security engineer.",Faculty of Engineering,School of Computer Science and Engineering,Postgraduate,Term 1,Kensington,4
68,COMP6741,Parameterized and Exact Computation,6,https://www.handbook.unsw.edu.au/postgraduate/courses/2020/COMP6741/,"The course focuses on algorithms for exactly solving NP-hard computational problems. Since no polynomial time algorithm is known for any of these problems, the running time of the algorithms will have a super-polynomial dependence on the input size or some other parameter of the input.",Faculty of Engineering,School of Computer Science and Engineering,Postgraduate,Term 3,Kensington,
69,COMP6752,Modelling Concurrent Systems,6,https://www.handbook.unsw.edu.au/postgraduate/courses/2020/COMP6752/,"This course tries to make students familiar with state-of-the-art  techniques in modelling concurrent systems. This is done by comparing  some of the more successful models of concurrency found in the  literature. The focus will be on the rationale behind the design  decisions underlying those models, viewed from philosophical,  mathematical and computational perspectives. The course contains  important background knowledge for students aiming at a scientific  career in which the design of mathematical models of system behaviour is  a component.",Faculty of Engineering,School of Computer Science and Engineering,Postgraduate,Term 2,Kensington,
70,COMP6841,Extended Security Engineering and Cyber Security,6,https://www.handbook.unsw.edu.au/postgraduate/courses/2020/COMP6841/,"Introduction to computer security, cybercrime, and cyberterror. The principles of engineering secure systems. How to think like a security engineer.",Faculty of Engineering,School of Computer Science and Engineering,Postgraduate,Term 1,Kensington,5
71,COMP9020,Foundations of Computer Science,6,https://www.handbook.unsw.edu.au/postgraduate/courses/2020/COMP9020/,,Faculty of Engineering,School of Computer Science and Engineering,Postgraduate,"Term 1, Term 2, Term 3",Kensington,
72,COMP9032,Microprocessors and Interfacing,6,https://www.handbook.unsw.edu.au/postgraduate/courses/2020/COMP9032/,,Faculty of Engineering,School of Computer Science and Engineering,Postgraduate,Term 3,Kensington,5
73,COMP9044,Software Construction: Techniques and Tools,6,https://www.handbook.unsw.edu.au/postgraduate/courses/2020/COMP9044/,"Software system decomposition and design. Overview of the software development life-cycle. Command languages. Version control and configuration management, programming for reliability. Testing and debugging techniques. Profiling and code improvement techniques. Practical work involving programming-in-the-large.",Faculty of Engineering,School of Computer Science and Engineering,Postgraduate,Term 2,Kensington,6
74,COMP9101,Design and Analysis of Algorithms,6,https://www.handbook.unsw.edu.au/postgraduate/courses/2020/COMP9101/,,Faculty of Engineering,School of Computer Science and Engineering,Postgraduate,Term 2,Kensington,
75,COMP9102,Programming Languages and Compilers,6,https://www.handbook.unsw.edu.au/postgraduate/courses/2020/COMP9102/,,Faculty of Engineering,School of Computer Science and Engineering,Postgraduate,Term 1,Kensington,5
76,COMP9153,Algorithmic Verification,6,https://www.handbook.unsw.edu.au/postgraduate/courses/2020/COMP9153/,"This course replaces COMP4151, students can not receive credit for both.",Faculty of Engineering,School of Computer Science and Engineering,Postgraduate,Term 1,Kensington,4
77,COMP9154,Foundations of Concurrency,6,https://www.handbook.unsw.edu.au/postgraduate/courses/2020/COMP9154/,"Concurrency = processes + communication. Communication via shared variables vs message passing. Models of concurrency: true concurrency vs interleaving. Abstractions: atomicity, locks and barriers, semaphores, monitors, threads, RPC, rendezvous. Classical problems: mutual exclusion, dining philosophers, sleeping barber, termination detection, gravitational N-body problem.Practical work: programming assignments and proving of of program safety and liveness properties.",Faculty of Engineering,School of Computer Science and Engineering,Postgraduate,Term 2,Kensington,
78,COMP9164,Concepts of Programming Languages,6,https://www.handbook.unsw.edu.au/postgraduate/courses/2020/COMP9164/,"Programming language paradigms: imperative, object oriented, declarative (i.e., functional and logic). Theoretical foundations of programming languages: syntax, operatational, axiomatic and denotational semantics. Implementation aspects of central language features, such as dynamic and strong typing, polymorphism, overloading and automatic memory management. Abstracting over programming languages and architectures: byte code approach, component software.",Faculty of Engineering,School of Computer Science and Engineering,Postgraduate,,Kensington,5
79,COMP9201,Operating Systems,6,https://www.handbook.unsw.edu.au/postgraduate/courses/2020/COMP9201/,,Faculty of Engineering,School of Computer Science and Engineering,Postgraduate,Term 1,Kensington,
80,COMP9211,Computer Architecture,6,https://www.handbook.unsw.edu.au/postgraduate/courses/2020/COMP9211/,,Faculty of Engineering,School of Computer Science and Engineering,Postgraduate,Term 1,Kensington,6
81,COMP9222,Digital Circuits and Systems,6,https://www.handbook.unsw.edu.au/postgraduate/courses/2020/COMP9222/,,Faculty of Engineering,School of Computer Science and Engineering,Postgraduate,Term 3,Kensington,
82,COMP9243,Distributed Systems,6,https://www.handbook.unsw.edu.au/postgraduate/courses/2020/COMP9243/,,Faculty of Engineering,School of Computer Science and Engineering,Postgraduate,Term 3,Kensington,
83,COMP9283,Extended Operating Systems,6,https://www.handbook.unsw.edu.au/postgraduate/courses/2020/COMP9283/,,Faculty of Engineering,School of Computer Science and Engineering,Postgraduate,Term 1,Kensington,
84,COMP9336,Mobile Data Networking,6,https://www.handbook.unsw.edu.au/postgraduate/courses/2020/COMP9336/,"This course will examine how mobility affects networks, systems, and applications. It will teach advanced concepts and protocols for managing mobility in TCP/IP networks, improving spectrum and energy efficiency of mobile networking, realizing more direct form of device-to-device communication, enhancing the quality of experience of mobile video, and achieving self-powered wireless communication. Learning emerging device functionalities and features will be part of this course, which requires some basic understanding of mobile device programming, such as Android and Java. ",Faculty of Engineering,School of Computer Science and Engineering,Postgraduate,Term 2,Kensington,5
85,COMP9337,Securing Fixed and Wireless Networks,6,https://www.handbook.unsw.edu.au/postgraduate/courses/2020/COMP9337/,"With exponential growth of the Internet, security of a network has become increasingly challenging. This subject will explore the security vulnerabilities in both fixed and wireless networks and cover the fundamental concepts and advanced issues with an emphasis on the Internet architecture and protocols. ",Faculty of Engineering,School of Computer Science and Engineering,Postgraduate,Term 1,Kensington,
86,COMP9415,Computer Graphics,6,https://www.handbook.unsw.edu.au/postgraduate/courses/2020/COMP9415/,,Faculty of Engineering,School of Computer Science and Engineering,Postgraduate,,Kensington,5
87,COMP9434,Robotic Software Architecture,6,https://www.handbook.unsw.edu.au/postgraduate/courses/2020/COMP9434/,"An introduction to Intelligent agent design. Picking actions using planning, learning or engineered control. Both practical and theoretical components. Practical component: Re-implement parts of a real agent architecture on a robot. Assignment based. Emphasis on engineering a working system. Theoretical component: Introduction to a variety of research agent architectures including classical planning and reinforcement learning. Lecture and lab based.",Faculty of Engineering,School of Computer Science and Engineering,Postgraduate,Term 3,Kensington,5
88,COMP9511,Human Computer Interaction,6,https://www.handbook.unsw.edu.au/postgraduate/courses/2020/COMP9511/,,Faculty of Engineering,School of Computer Science and Engineering,Postgraduate,"Summer Term, Term 2",Kensington,
89,COMP9801,Extended Design & Analysis of Algorithms,6,https://www.handbook.unsw.edu.au/postgraduate/courses/2020/COMP9801/,,Faculty of Engineering,School of Computer Science and Engineering,Postgraduate,Term 1,Kensington,4
90,COMP9814,Extended Artificial Intelligence,6,https://www.handbook.unsw.edu.au/postgraduate/courses/2020/COMP9814/,,Faculty of Engineering,School of Computer Science and Engineering,Postgraduate,"Summer Term, Term 1, Term 2",Kensington,6
91,GSOE9210,Engineering Decision Structures,6,https://www.handbook.unsw.edu.au/postgraduate/courses/2020/GSOE9210/,,Faculty of Engineering,School of Computer Science and Engineering,Postgraduate,Term 3,Kensington,
92,GSOE9220,Launching a Startup,6,https://www.handbook.unsw.edu.au/postgraduate/courses/2020/GSOE9220/,"This course aims to provide students with the skills necessary to successfully commercialise ideas. Whilst some aspects of entrepreneurship can be learned from others, research on entrepreneurship education has shown a learn-by-doing approach is most effective. Thus, the course has a strong experiential-learning focus and will incorporate a flipped-classroom model with weekly online topics based on the Lean LaunchPad, which is used by leaders in this space such as Stanford, Berkley and the University of Pennsylvania.",Faculty of Engineering,School of Computer Science and Engineering,Postgraduate,Term 3,Kensington,
93,COMP9991,Research Project A,6,https://www.handbook.unsw.edu.au/postgraduate/courses/2020/COMP9991/,"Students in their final terms of study in MIT (8543) have the option of replacing some coursework with a research project, carried out under the supervision of a CSE academic staff member. This forms the first of a two-part sequence of courses. By the end of the term the student should have researched the problem, identified current approaches, developed a plan to complete the project, and carried out some of that plan. The student must demonstrate this in a formal seminar presented in week 9 of the term. ",Faculty of Engineering,School of Computer Science and Engineering,Postgraduate,"Term 1, Term 2, Term 3",Kensington,
94,COMP9992,Research Project B,6,https://www.handbook.unsw.edu.au/postgraduate/courses/2020/COMP9992/,"Students in their final terms of study in MIT (8543) have the option of replacing some coursework with a research project, carried out under the supervision of a CSE academic staff member. This forms the second of a two-part sequence of courses. By the end of the second term, the student should have carried out the research work and produced some results. The student must demonstrate this in a formal seminar presented in week 10 of the term and via a written report.",Faculty of Engineering,School of Computer Science and Engineering,Postgraduate,"Term 2, Term 3",Kensington,
95,COMP9993,Research Project C,6,https://www.handbook.unsw.edu.au/postgraduate/courses/2020/COMP9993/,"Students in their final terms of study in MIT (8543) have the option of replacing some coursework with a research project, carried out under the supervision of a CSE academic staff member. This forms the second of a two-part sequence of courses. By the end of the second term, the student should have carried out the research work and produced some results. The student must demonstrate this in a formal seminar presented in week 10 of the term and via a written report. ",Faculty of Engineering,School of Computer Science and Engineering,Postgraduate,"Term 2, Term 3",Kensington,
96,GEOS9016,Principles of Geographic Information Systems and Science,6,https://www.handbook.unsw.edu.au/postgraduate/courses/2020/GEOS9016/,,Faculty of Science,"School of Biological, Earth and Environmental Sciences",Postgraduate,Term 2,Kensington,
97,GMAT9200,Principles of GPS Positioning,6,https://www.handbook.unsw.edu.au/postgraduate/courses/2020/GMAT9200/,"This course will introduce the student to reference coordinate systems and time systems, satellite orbital motion, signal propagation and satellite tracking observables. The principles of positioning using the current two Global Navigation Satellite Systems (GNSS) will be studied: the U.S. developed Global Positioning System (GPS) and Russia's Global Navigation Satellite System (GLONASS). The mathematical models for pseudo-range and carrier phase-based modes of positioning, for both single receiver (absolute) positioning and relative positioning implementations, will be developed. These principles will be illustrated using the Matlab GNSS toolkit, allowing students to develop algorithms for real and simulated data processing. Land, marine and airborne positioning applications will be discussed.",Faculty of Engineering,School of Civil and Environmental Engineering,Postgraduate,,Kensington,3
98,GMAT9300,Aerial and Satellite Imaging Systems,6,https://www.handbook.unsw.edu.au/postgraduate/courses/2020/GMAT9300/,,Faculty of Engineering,School of Civil and Environmental Engineering,Postgraduate,Term 2,Kensington,5
99,GMAT9600,Principles of Remote Sensing,6,https://www.handbook.unsw.edu.au/postgraduate/courses/2020/GMAT9600/,"Remote sensing techniques are powerful tools for spatial data acquisition and this course will describe the history, challenges and developments in remote sensing. Topics covered include definition and physics of basic electromagnetic radiation propertises, energy-matter relationships, spectral signatures of surfaces and the atmosphere, the reduction of atmospheric effects, sensor concepts (including film and electro-optical sensors), an introduction to data processing and enhancement (including image interpretation procedures). Satellite missions such as Landsat, SPOT, and ERS will be briefly introduced, as well as future remote sensing satellite constellations. The variety of satellite and airborne platforms, and the greater access to imagery, now make it possible to use remote sensing to address a wide range of applications. The diverse and ever-growing applications will be reviewed.",Faculty of Engineering,School of Civil and Environmental Engineering,Postgraduate,Term 3,Kensington,3
100,MATH5846,Introduction to Probability and Stochastic Processes,6,https://www.handbook.unsw.edu.au/postgraduate/courses/2020/MATH5846/,"Probabilistic concepts are necessary to study various complex phenomena arising in Engineering, Biology, Medicine and Economics. The aim of this course is to introduce basic concepts which are needed to analyse such phenomena. In particular, we discuss the concepts of random event, random variable, structures of dependence, computation of probabilities using the Central Limit Theorem, simple Markov chains and a Brownian motion.",Faculty of Science,School of Mathematics & Statistics,Postgraduate,Term 1,Kensington,
101,MATH5856,Introduction to Statistics and Statistical Computations,6,https://www.handbook.unsw.edu.au/postgraduate/courses/2020/MATH5856/,"The aim of this course is to learn about the basic principles of statistical reasoning, the most important methods for estimating unknown parameters of a system and for taking decisions without complete information, and the use of statistical packages. The methods discussed are for visualising data, for simulating random phenomena, for estimating parameters using Maximum Likelihood and Least Squares estimators, and for testing hypotheses. General Linear Models will be studied using R.",Faculty of Science,School of Mathematics & Statistics,Postgraduate,Term 1,Kensington,
102,ACCT5922,E-Business: Strategy and Processes,6,https://www.handbook.unsw.edu.au/postgraduate/courses/2020/ACCT5922/,,UNSW Business School,School of Accounting,Postgraduate,,Kensington,3
103,COMP6452,Software Architecture for Blockchain Applications,6,https://www.handbook.unsw.edu.au/postgraduate/courses/2020/COMP6452/,"This course addresses the knowledge that is needed in order to build applications based on blockchain technology, by offering an architectural view of software systems that make beneficial use of it. It provides guidance on assessing the suitability of blockchain, on the roles blockchain can play in an architecture, on designing blockchain applications, and on assessing different architecture designs and tradeoffs. It also serves as a reference on blockchain design patterns and design analysis, and refers to practical examples of blockchain-based applications.",Faculty of Engineering,School of Computer Science and Engineering,Postgraduate,Term 2,Kensington,4
104,MATH5845,Time Series,6,https://www.handbook.unsw.edu.au/postgraduate/courses/2020/MATH5845/,The course is concerned with the theory and application of appropriate statistical techniques for analysis of time series data -- data collected over time. The course will develop a sound understanding of the time domain properties and common models for stationary and non-stationary time series in discrete time. The topics include the theory of stationary time series; methods for trend and seasonal analysis and adjustment; modelling and forecasting with autoregressive moving avarage processes; modelling the impact of exogenous or intervention variables on responses; models for stochastic volatility and long term dependence; regression models for time series counts. Applications are primarily drawn from finance and public health. SAS is used to perform appropriate analyses.,Faculty of Science,School of Mathematics & Statistics,Postgraduate,Term 2,Kensington,
105,MATH5855,Multivariate Analysis,6,https://www.handbook.unsw.edu.au/postgraduate/courses/2020/MATH5855/,The course gives a methodological background in Multivariate Analysis as a backbone of Applied Statistics. It introduces multivariate techniques including principal component analysis; canonical correlation analysis; cluster analysis; factor analysis and discriminant analysis. Computing and data analysis features prominently in this course.,Faculty of Science,School of Mathematics & Statistics,Postgraduate,Term 3,Kensington,
106,MATH5905,Statistical Inference,6,https://www.handbook.unsw.edu.au/postgraduate/courses/2020/MATH5905/,,Faculty of Science,School of Mathematics & Statistics,Postgraduate,Term 1,Kensington,
107,MATH5960,Bayesian Inference and Computation,6,https://www.handbook.unsw.edu.au/postgraduate/courses/2020/MATH5960/,"After describing the fundamentals of Bayesian inference, this course will examine the specification of prior and posterior distributions, Bayesian decision theoretic concepts, the ideas behind Bayesian hypothesis tests, model choice and model averaging, and evaluate the capabilities of several common model types, such as hierarchical and mixture models. An important part of Bayesian inference is the requirement to numerically evaluate complex integrals on a routine basis. Accordingly this course will also introduce the ideas behind Monte Carlo integration, importance sampling, rejection sampling, Markov chain Monte Carlo samplers such as the Gibbs sampler and the Metropolis-Hastings algorithm, and use of the WinBuGS posterior simulation software. Pre-requisites: 24 units of level III mathematics or a degree in a numerate discipline or permission of the Head of Department.",Faculty of Science,School of Mathematics & Statistics,Postgraduate,Term 3,Kensington,
